{"label": "amazon.com", "time": [0.0, 0.019128, 0.049412, 0.067488, 0.093184, 0.251858, 0.301529, 0.346947, 0.372968, 0.39427, 0.421526, 0.494002, 0.516155, 0.543058, 0.560574, 0.587289], "size": [113, 210, 71, 66, 71, 130, 68, 264, 71, 66, 71, 116, 319, 71, 66, 71]}