{"label": "amazon.com", "time": [0.0, 0.018902, 0.045619, 0.063188, 0.089815, 0.204444, 0.222279, 0.249038, 0.267661, 0.29333, 0.417597, 0.436897, 0.464589, 0.482587, 0.512751], "size": [113, 210, 76, 66, 76, 130, 229, 76, 66, 76, 116, 319, 76, 66, 76]}