{"label": "amazon.com", "time": [0.0, 0.018862, 0.045137, 0.063683, 0.090127, 0.228633, 0.275106, 0.339653, 0.365595, 0.383842, 0.411026, 0.540424, 0.559261, 0.584839, 0.603243, 0.633584], "size": [113, 210, 72, 66, 72, 130, 68, 223, 72, 66, 72, 116, 319, 72, 66, 72]}