{"label": "amazon.com", "time": [0.0, 0.018053, 0.045879, 0.067828, 0.093866, 0.240502, 0.262744, 0.288433, 0.310115, 0.336916, 0.46738, 0.487288, 0.517715, 0.540127, 0.567002], "size": [113, 210, 76, 66, 76, 130, 229, 76, 66, 76, 116, 319, 76, 66, 76]}