{"label": "amazon.com", "time": [0.0, 0.018926, 0.045411, 0.066788, 0.093386, 0.264976, 0.284267, 0.310382, 0.329123, 0.3561, 0.433489, 0.45162, 0.480902, 0.499434, 0.525702], "size": [113, 210, 74, 66, 74, 130, 270, 74, 66, 74, 116, 319, 74, 66, 74]}