{"label": "google.com", "time": [0.0, 0.020277, 0.046829, 0.064214, 0.090129, 0.144545, 0.163715, 0.217524, 0.236128, 0.264171, 0.615423, 0.633982, 0.662611, 0.684519, 0.710616, 0.971434, 0.991806, 1.017275, 1.035346, 1.062083, 1.105253, 1.134195, 1.159783, 1.177572, 1.2039, 1.910653, 1.934311, 1.963294, 1.984855, 2.012473, 2.165443, 2.185541, 2.211256, 2.233156, 2.259251, 2.280822, 2.301481, 2.32796, 2.34963, 2.378602, 2.730915, 2.751884, 2.777909, 2.80173, 2.827455, 3.035781, 3.055528, 3.081527, 3.100489, 3.126478], "size": [112, 209, 71, 66, 71, 112, 209, 71, 66, 71, 113, 130, 71, 66, 71, 113, 151, 71, 66, 71, 112, 230, 71, 66, 71, 116, 133, 71, 66, 71, 118, 135, 71, 66, 71, 114, 211, 71, 66, 71, 119, 136, 71, 66, 71, 119, 185, 71, 66, 71]}