{"label": "google.com", "time": [0.0, 0.018855, 0.045181, 0.063283, 0.089795, 0.14877, 0.149271, 0.168213, 0.168214, 0.19365, 0.292032, 0.292032, 0.292404, 0.576736, 0.5966, 0.624927, 0.650958, 0.682228, 1.085508, 1.137492, 1.163668, 1.174247, 1.174247, 1.174657, 1.192958, 1.219575, 1.23718, 1.25503, 1.282729, 1.301429, 1.327714, 2.058919, 2.07696, 2.104188, 2.123034, 2.152843, 2.344541, 2.362699, 2.3893, 2.405964, 2.407496, 2.42514, 2.425627, 2.444009, 2.470473, 2.908388, 2.929486, 2.955299, 2.973425, 2.999084, 3.595895, 3.615338, 3.641425, 3.658659, 3.684742], "size": [113, 211, 72, 66, 72, 113, 69, 67, 205, 72, 66, 66, 73, 114, 132, 74, 66, 74, 114, 153, 74, 147, 147, 75, 66, 76, 113, 232, 76, 66, 76, 116, 134, 76, 66, 76, 118, 136, 76, 114, 66, 212, 75, 66, 76, 119, 137, 76, 66, 76, 119, 185, 76, 66, 76]}