{"label": "google.com", "time": [0.0, 0.018936, 0.046242, 0.064272, 0.090994, 0.139963, 0.159131, 0.184897, 0.209805, 0.236143, 0.55913, 0.579162, 0.60609, 0.630911, 0.66179, 0.684108, 0.684108, 0.684559, 0.982691, 1.001404, 1.028106, 1.053439, 1.080641, 1.122027, 1.141455, 1.166871, 1.189437, 1.215469, 1.81791, 1.836853, 1.870381, 1.88922, 1.914987, 2.125455, 2.148053, 2.174699, 2.193979, 2.204467, 2.230944, 2.257322, 2.279051, 2.307052, 2.591314, 2.611156, 2.6386, 2.656377, 2.68468, 3.09853, 3.118612, 3.145026, 3.163759, 3.190311], "size": [113, 211, 74, 66, 74, 113, 211, 74, 66, 74, 114, 132, 74, 66, 74, 66, 66, 75, 114, 153, 76, 66, 76, 113, 232, 76, 66, 76, 116, 134, 76, 66, 76, 118, 136, 76, 66, 125, 212, 72, 66, 72, 119, 137, 72, 66, 72, 119, 185, 72, 66, 72]}