{"label": "google.com", "time": [0.0, 0.020088, 0.045827, 0.063673, 0.089956, 0.147844, 0.195106, 0.24668, 0.286876, 0.286877, 0.287688, 0.596484, 0.613597, 0.613598, 0.614141, 0.904983, 0.906421, 0.924811, 0.92563, 0.952357, 0.972843, 0.999089, 1.270649, 1.294937, 1.323918, 1.342829, 1.371555, 1.406943, 1.426626, 1.456249, 1.474172, 1.500918, 2.132835, 2.15192, 2.185809, 2.203546, 2.239541, 2.41411, 2.433752, 2.46096, 2.479257, 2.506537, 2.522951, 2.541422, 2.567163, 2.585767, 2.626912, 2.943378, 2.962086, 2.990223, 3.00878, 3.036764, 3.253477, 3.274142, 3.29956, 3.319427, 3.345857], "size": [113, 211, 72, 66, 72, 113, 211, 72, 205, 205, 73, 66, 66, 66, 75, 114, 69, 67, 126, 76, 66, 76, 114, 153, 76, 66, 76, 113, 232, 76, 66, 76, 116, 134, 76, 66, 76, 118, 136, 76, 66, 76, 114, 212, 76, 66, 76, 119, 137, 76, 66, 76, 119, 185, 76, 66, 76]}