{"label": "google.com", "time": [0.0, 0.01817, 0.044546, 0.064924, 0.091301, 0.152747, 0.171079, 0.197297, 0.216292, 0.241911, 0.555186, 0.576247, 0.602594, 0.625524, 0.651917, 0.94621, 0.970436, 1.009579, 1.02809, 1.057681, 1.113384, 1.132367, 1.159847, 1.177474, 1.206474, 2.089996, 2.11735, 2.142963, 2.165177, 2.165177, 2.165808, 2.183165, 2.211132, 2.558917, 2.619891, 2.61999, 2.63254, 2.655186, 2.655187, 2.655187, 2.65568, 2.675384, 2.70187, 3.062298, 3.081279, 3.111949, 3.131418, 3.159072, 3.798359, 3.816939, 3.845655, 3.866381, 3.893154], "size": [113, 211, 72, 66, 72, 113, 211, 72, 66, 72, 114, 132, 72, 66, 72, 114, 153, 72, 66, 72, 113, 232, 72, 66, 72, 116, 134, 121, 72, 206, 71, 66, 72, 118, 118, 118, 136, 69, 130, 130, 73, 66, 74, 119, 137, 74, 66, 74, 119, 185, 74, 66, 74]}