{"label": "youtube.com", "time": [0.0, 0.036165, 0.036946, 0.086745, 0.086746, 0.086746, 0.088633, 0.334824, 0.334825, 0.375392, 0.375709, 0.427872, 0.427981, 0.429592, 0.43071, 0.430793, 0.430837, 0.4309, 0.430939, 0.477086, 0.477086, 0.477087, 0.487421, 0.487422, 0.487873, 0.509018, 0.535274, 1.014392, 1.014538, 1.044325, 1.044326, 1.073592, 1.099176, 1.099177, 1.099611, 1.442505, 1.442598, 1.448524, 1.469626, 1.470016, 1.470016, 1.470406, 1.492221, 1.518127, 1.545085, 1.569107, 1.587859, 1.614827, 1.649988, 1.650417, 1.676087, 1.697608, 5.051694, 5.05178, 5.075269, 5.075527, 5.075528, 5.07631, 5.095059, 5.121272, 6.788521, 6.809062, 6.809062, 6.811214, 6.83042, 6.855978, 13.005076, 13.023907, 13.056164, 13.074364, 13.101381, 13.146641, 13.164746, 13.190706, 13.209002, 13.236745, 15.768792, 15.787648, 15.801669, 15.824733, 15.824733, 15.825182, 15.843983, 15.869777], "size": [1294, 158, 1294, 1294, 1294, 267, 1294, 1294, 1294, 1163, 1294, 1294, 78, 144, 73, 103, 103, 67, 113, 78, 66, 283, 66, 399, 70, 66, 71, 1394, 118, 66, 130, 71, 1394, 66, 70, 1444, 109, 117, 66, 129, 265, 70, 71, 71, 1444, 121, 132, 71, 66, 1469, 71, 67, 1481, 113, 1469, 66, 125, 70, 66, 71, 125, 1481, 142, 70, 66, 71, 112, 209, 71, 66, 71, 111, 173, 71, 66, 71, 119, 248, 126, 71, 132, 70, 66, 71]}