{"label": "youtube.com", "time": [0.0, 0.019865, 0.046037, 0.067541, 0.097105, 0.33495, 0.354112, 0.380547, 0.402515, 0.432834, 0.688376, 0.706682, 0.732356, 0.734147, 0.755413, 0.755414, 0.756892, 0.772161, 0.781345, 0.79369, 0.794206, 0.813662, 0.8404, 3.357476, 3.377152, 3.403558, 3.421567, 3.449043, 4.710032, 4.729122, 4.754453, 4.772562, 4.799171, 10.619232, 10.638525, 10.668564, 10.688234, 10.716082, 10.873561, 10.89167, 10.920476, 10.940271, 10.966845, 13.908414, 13.927951, 13.939579, 13.958381, 13.958381, 13.958975, 13.97693, 14.012319], "size": [114, 406, 74, 66, 74, 119, 137, 74, 66, 74, 110, 272, 74, 118, 72, 130, 73, 116, 66, 134, 73, 66, 74, 114, 132, 74, 66, 74, 126, 144, 74, 66, 74, 113, 211, 74, 66, 74, 112, 175, 74, 66, 74, 120, 250, 130, 72, 133, 71, 66, 72]}