{"label": "youtube.com", "time": [0.0, 0.044258, 0.091828, 0.110311, 0.136711, 0.154455, 0.181356, 0.429429, 0.44725, 0.473948, 0.496617, 0.522585, 0.855286, 0.874219, 0.889836, 0.913398, 0.913399, 0.913836, 0.932491, 0.965623, 0.972317, 0.993567, 1.023971, 1.045522, 1.071203, 3.170923, 3.18951, 3.218107, 3.237465, 3.263027, 4.214588, 4.23329, 4.260068, 4.280975, 4.307746, 7.922741, 7.951344, 7.978499, 7.997125, 8.023291, 8.026517, 8.046021, 8.075162, 8.093371, 8.1205, 10.181457, 10.200544, 10.212354, 10.232505, 10.233986, 10.234337, 10.252498, 10.282189], "size": [67, 68, 114, 406, 76, 66, 76, 119, 137, 76, 66, 76, 110, 272, 129, 72, 130, 71, 66, 72, 116, 134, 72, 66, 72, 114, 132, 72, 66, 72, 126, 144, 72, 66, 72, 113, 211, 72, 66, 72, 112, 175, 72, 66, 72, 120, 250, 128, 72, 133, 71, 66, 72]}