{"label": "youtube.com", "time": [0.0, 0.058529, 0.064254, 0.087118, 0.112789, 0.173675, 0.203495, 0.221769, 0.221769, 0.222118, 0.510225, 0.528051, 0.553947, 0.57357, 0.599959, 0.754373, 0.776083, 0.789041, 0.810282, 0.811475, 0.812144, 0.832863, 0.859818, 0.871114, 0.893617, 0.919079, 0.940049, 0.966409, 3.336425, 3.388677, 3.415763, 3.444529, 3.470547, 4.433879, 4.452583, 4.481716, 4.513573, 4.5425, 8.210061, 8.228625, 8.254554, 8.275462, 8.297146, 8.316538, 8.342217, 8.361871, 8.389938, 10.489025, 10.507554, 10.509795, 10.527501, 10.528088, 10.528303, 10.552358, 10.578286], "size": [67, 68, 114, 406, 76, 66, 76, 66, 66, 77, 119, 137, 78, 66, 78, 110, 272, 131, 72, 130, 71, 66, 72, 116, 134, 72, 66, 72, 114, 132, 72, 66, 72, 126, 144, 72, 66, 72, 113, 211, 72, 66, 119, 175, 72, 66, 72, 120, 250, 128, 72, 133, 71, 66, 72]}