{
    "label": "youtube.com",
    "time": [
        0.0,
        0.04468,
        0.228696,
        0.251122,
        0.279355,
        0.29698,
        0.323138,
        0.605229,
        0.626466,
        0.652028,
        0.673287,
        0.699371,
        0.860244,
        0.882596,
        0.892317,
        0.910581,
        0.911066,
        0.9116,
        0.935579,
        0.964596,
        1.031731,
        1.053373,
        1.079566,
        1.100539,
        1.128007,
        3.492676,
        3.511519,
        3.537313,
        3.556464,
        3.583857,
        4.680427,
        4.700388,
        4.741245,
        4.759893,
        4.786313,
        8.650776,
        8.670718,
        8.697177,
        8.715075,
        8.722982,
        8.742771,
        8.771618,
        8.792978,
        8.8184,
        10.767678,
        10.781186,
        10.785722,
        10.798485,
        10.799227,
        10.821563,
        10.847857
    ],
    "size": [
        67,
        68,
        114,
        406,
        71,
        66,
        71,
        119,
        137,
        71,
        66,
        72,
        110,
        272,
        125,
        72,
        130,
        71,
        66,
        72,
        116,
        134,
        72,
        66,
        72,
        114,
        132,
        72,
        66,
        72,
        126,
        144,
        72,
        66,
        72,
        113,
        211,
        72,
        66,
        119,
        175,
        72,
        66,
        72,
        120,
        121,
        250,
        139,
        71,
        71,
        72
    ]
}